{"loss": [0.3955267667770386, 0.2154621034860611, 0.1822136640548706, 0.1579168438911438, 0.14035439491271973, 0.12331914901733398, 0.11032520979642868, 0.10178445279598236, 0.08762023597955704, 0.07709138095378876, 0.06901533156633377, 0.057391636073589325, 0.04941930994391441, 0.04137006774544716, 0.0362807922065258, 0.029020896181464195, 0.02715504914522171, 0.02306777611374855, 0.020484955981373787, 0.017914723604917526, 0.015543094836175442, 0.013991724699735641, 0.011650850996375084, 0.01008513942360878, 0.01112228911370039, 0.008046991191804409, 0.007656196132302284, 0.007460776716470718, 0.007296983618289232, 0.006537277717143297, 0.00587759492918849, 0.006327995099127293, 0.004426382947713137, 0.004958838690072298, 0.004283979069441557, 0.006306199356913567, 0.00398647366091609, 0.0036027797032147646, 0.004284297116100788, 0.003535803174600005, 0.0036121441517025232, 0.004804838914424181, 0.003386184573173523, 0.0031149652786552906, 0.002948133973404765, 0.0022867086809128523, 0.0025488806422799826, 0.003082013688981533, 0.002814218867570162, 0.002487356774508953], "accuracy": [0.8185464143753052, 0.9157813191413879, 0.9287272095680237, 0.93597412109375, 0.9441356658935547, 0.9502568244934082, 0.9569408297538757, 0.9603883624076843, 0.967987060546875, 0.9718567728996277, 0.9761486053466797, 0.9819883108139038, 0.9862098097801208, 0.9892352223396301, 0.9909941554069519, 0.9939491748809814, 0.9946528077125549, 0.9949342012405396, 0.9954971075057983, 0.9964820742607117, 0.9972560405731201, 0.9976781606674194, 0.9979596138000488, 0.9983817338943481, 0.9978188872337341, 0.9988039135932922, 0.9987335801124573, 0.9990149736404419, 0.9986631870269775, 0.9989446401596069, 0.9992260336875916, 0.9991557002067566, 0.999437153339386, 0.9992260336875916, 0.9992260336875916, 0.9989446401596069, 0.999507486820221, 0.9996482133865356, 0.9990853667259216, 0.9992964267730713, 0.999437153339386, 0.9992964267730713, 0.9996482133865356, 0.999437153339386, 0.999437153339386, 0.9998592734336853, 0.999437153339386, 0.999507486820221, 0.9997185468673706, 0.9997185468673706], "val_loss": [0.20791372656822205, 0.10662997514009476, 0.06846269220113754, 0.05444833263754845, 0.07055426388978958, 0.0391806960105896, 0.03977726027369499, 0.03833480179309845, 0.04579656943678856, 0.02749202772974968, 0.06078462302684784, 0.039897143840789795, 0.03597801551222801, 0.04908965155482292, 0.04196479544043541, 0.028203289955854416, 0.05594642832875252, 0.03908193111419678, 0.02711467258632183, 0.03741787001490593, 0.05357944220304489, 0.04862912744283676, 0.061699118465185165, 0.036692216992378235, 0.031619079411029816, 0.032846201211214066, 0.05788141489028931, 0.043980441987514496, 0.0566721186041832, 0.03968812897801399, 0.05862165987491608, 0.04982048645615578, 0.0430026575922966, 0.0652821734547615, 0.031772155314683914, 0.05589868873357773, 0.04097726568579674, 0.05567878484725952, 0.05926160514354706, 0.052791085094213486, 0.04902385547757149, 0.04105961695313454, 0.03193768858909607, 0.044195812195539474, 0.047848500311374664, 0.03120785765349865, 0.05711812525987625, 0.024343807250261307, 0.05728656053543091, 0.04460867866873741], "val_accuracy": [0.9107545018196106, 0.9707207083702087, 0.9828265905380249, 0.988457202911377, 0.9763513803482056, 0.9904279112815857, 0.9907094836235046, 0.9901463985443115, 0.9839527010917664, 0.9926801919937134, 0.9760698080062866, 0.9853603839874268, 0.986204981803894, 0.9791666865348816, 0.9828265905380249, 0.9890202879905701, 0.9791666865348816, 0.9833896160125732, 0.9898648858070374, 0.9847972989082336, 0.9797297120094299, 0.9808558821678162, 0.9738175868988037, 0.9853603839874268, 0.9878941178321838, 0.9873310923576355, 0.9755067825317383, 0.9836711883544922, 0.9788851141929626, 0.9845157861709595, 0.9777590036392212, 0.9800112843513489, 0.9814189076423645, 0.9752252101898193, 0.9881756901741028, 0.9794481992721558, 0.9856418967247009, 0.9791666865348816, 0.9780405163764954, 0.9805743098258972, 0.9822635054588318, 0.9850788116455078, 0.9890202879905701, 0.9822635054588318, 0.9822635054588318, 0.9898648858070374, 0.9797297120094299, 0.9926801919937134, 0.9800112843513489, 0.9842342138290405]}